species,year,region,abundance,genlength,parental_abundance,parental_release,parental_sst,spp.n,reg.n
Chinook,1996,Yukon,70440.68602,NA,NA,NA,NA,2,1
Chinook,1997,Yukon,88389.00784,NA,NA,NA,NA,2,1
Chinook,1998,Yukon,45544.29627,NA,NA,NA,NA,2,1
Chinook,1999,Yukon,37366.43035,NA,NA,NA,NA,2,1
Chinook,2000,Yukon,48233.01204,NA,NA,NA,NA,2,1
Chinook,2001,Yukon,80014.5956,NA,NA,NA,NA,2,1
Chinook,2002,Yukon,45240.56891,NA,NA,NA,NA,2,1
Chinook,2003,Yukon,61546.10273,NA,NA,NA,NA,2,1
Chinook,2004,Yukon,53099.9422,NA,NA,NA,NA,2,1
Chinook,2005,Yukon,64014.19038,NA,NA,NA,NA,2,1
Chinook,2006,Yukon,63125.96999,NA,NA,NA,NA,2,1
Chinook,2007,Yukon,38135.69512,NA,NA,NA,NA,2,1
Chinook,2008,Yukon,36251.89183,NA,NA,NA,NA,2,1
Chinook,2009,Yukon,57801.57897,NA,NA,NA,NA,2,1
Chinook,2010,Yukon,28433.71222,NA,NA,NA,NA,2,1
Chinook,2011,Yukon,45077.87988,NA,NA,NA,NA,2,1
Chinook,2012,Yukon,32118.74962,NA,NA,NA,NA,2,1
Chinook,2013,Yukon,29379.19545,NA,NA,NA,NA,2,1
Chinook,2014,Yukon,52679.60377,NA,NA,NA,NA,2,1
Chinook,2015,Yukon,74144.67511,NA,NA,NA,NA,2,1
Chinook,2016,Yukon,69402.45643,NA,NA,NA,NA,2,1
Chinook,2017,Yukon,70193.83831,NA,NA,NA,NA,2,1
Chinook,2018,Yukon,59792.14749,NA,NA,NA,NA,2,1
Chinook,2019,Yukon,40290.82226,NA,NA,NA,NA,2,1
Chinook,2020,Yukon,27752.47543,NA,NA,NA,NA,2,1
Chinook,2021,Yukon,28549.74646,NA,NA,NA,NA,2,1
Chinook,2022,Yukon,12022.1355,NA,NA,NA,NA,2,1
Chinook,2023,Yukon,14900.7017,NA,NA,NA,NA,2,1
Chinook,1996,VIMI,100514,4,NA,40309144,6.123800403,2,8
Chinook,1997,VIMI,109265,4,NA,38064174,5.568284151,2,8
Chinook,1998,VIMI,139445,4,NA,31933047,5.400416658,2,8
Chinook,1999,VIMI,92170,4,92181,35103842,6.090548464,2,8
Chinook,2000,VIMI,63590,4,100514,30953857,6.215470205,2,8
Chinook,2001,VIMI,105110,4,109265,34379942,5.793741131,2,8
Chinook,2002,VIMI,135613,4,139445,30341242,4.866282963,2,8
Chinook,2003,VIMI,160219,4,92170,36799670,5.610359267,2,8
Chinook,2004,VIMI,164105,4,63590,37379311,5.487532328,2,8
Chinook,2005,VIMI,100383,4,105110,32267601,5.689460673,2,8
Chinook,2006,VIMI,142626,4,135613,37644272,6.320263224,2,8
Chinook,2007,VIMI,74708,4,160219,34985240,6.295697976,2,8
Chinook,2008,VIMI,80480,4,164105,36484637,6.86878503,2,8
Chinook,2009,VIMI,87461,4,100383,28179676,5.663032033,2,8
Chinook,2010,VIMI,83029,4,142626,27214329,5.206310806,2,8
Chinook,2011,VIMI,94477,4,74708,30212688,4.724268708,2,8
Chinook,2012,VIMI,67404,4,80480,25577794,5.572014289,2,8
Chinook,2013,VIMI,134608,4,87461,28150133,5.235384795,2,8
Chinook,2014,VIMI,89998,4,83029,28872859,5.577702162,2,8
Chinook,2015,VIMI,143040,4,94477,26451494,4.800310422,2,8
Chinook,2016,VIMI,130634,4,67404,27806694,5.560729398,2,8
Chinook,2017,VIMI,125311,4,134608,26602755,6.690331317,2,8
Chinook,2018,VIMI,126230,4,89998,22465910,6.790738342,2,8
Chinook,2019,VIMI,NA,4,143040,22206266,7.296033557,2,8
Chinook,2020,VIMI,NA,4,130634,24224552,6.186898823,2,8
Chinook,2021,VIMI,NA,4,125311,25391393,6.486794176,2,8
Chum,1996,VIMI,866013,4,2078608,119031613,6.123800403,4,8
Chum,1997,VIMI,1334171,4,1976751,153716773,5.568284151,4,8
Chum,1998,VIMI,2640312,4,1819885,139778871,5.400416658,4,8
Chum,1999,VIMI,1077228,4,808952,131610216,6.090548464,4,8
Chum,2000,VIMI,781623,4,866013,63906457,6.215470205,4,8
Chum,2001,VIMI,1873597,4,1334171,60922722,5.793741131,4,8
Chum,2002,VIMI,2300140,4,2640312,90755060,4.866282963,4,8
Chum,2003,VIMI,1909655,4,1077228,112460891,5.610359267,4,8
Chum,2004,VIMI,2857822,4,781623,66983555,5.487532328,4,8
Chum,2005,VIMI,1387110,4,1873597,25638558,5.689460673,4,8
Chum,2006,VIMI,1195769,4,2300140,115065048,6.320263224,4,8
Chum,2007,VIMI,1644304,4,1909655,85329403,6.295697976,4,8
Chum,2008,VIMI,1280067,4,2857822,63551903,6.86878503,4,8
Chum,2009,VIMI,1524172,4,1387110,80509667,5.663032033,4,8
Chum,2010,VIMI,814177,4,1195769,54047830,5.206310806,4,8
Chum,2011,VIMI,1826210,4,1644304,76360562,4.724268708,4,8
Chum,2012,VIMI,2231866,4,1280067,43987542,5.572014289,4,8
Chum,2013,VIMI,2249404,4,1524172,35014870,5.235384795,4,8
Chum,2014,VIMI,1145040,4,814177,39564207,5.577702162,4,8
Chum,2015,VIMI,1289234,4,1826210,27576918,4.800310422,4,8
Chum,2016,VIMI,2703424,4,2231866,72856021,5.560729398,4,8
Chum,2017,VIMI,892246,4,2249404,74223556,6.690331317,4,8
Chum,2018,VIMI,700455,4,1145040,59844117,6.790738342,4,8
Chum,2019,VIMI,NA,4,1289234,34251100,7.296033557,4,8
Chum,2020,VIMI,NA,4,2703424,62671882,6.186898823,4,8
Chum,2021,VIMI,NA,4,892246,113877854,6.486794176,4,8
Coho,1996,VIMI,NA,3,NA,8689245,5.568284151,3,8
Coho,1997,VIMI,NA,3,NA,9861926,5.400416658,3,8
Coho,1998,VIMI,NA,3,NA,9922831,6.090548464,3,8
Coho,1999,VIMI,NA,3,NA,9765130,6.215470205,3,8
Coho,2000,VIMI,NA,3,NA,10402280,5.793741131,3,8
Coho,2001,VIMI,NA,3,NA,9666575,4.866282963,3,8
Coho,2002,VIMI,NA,3,NA,11004299,5.610359267,3,8
Coho,2003,VIMI,NA,3,NA,12855388,5.487532328,3,8
Coho,2004,VIMI,NA,3,NA,12145785,5.689460673,3,8
Coho,2005,VIMI,NA,3,NA,11281409,6.320263224,3,8
Coho,2006,VIMI,NA,3,NA,11353848,6.295697976,3,8
Coho,2007,VIMI,NA,3,NA,8787029,6.86878503,3,8
Coho,2008,VIMI,NA,3,NA,9458471,5.663032033,3,8
Coho,2009,VIMI,NA,3,NA,6288362,5.206310806,3,8
Coho,2010,VIMI,NA,3,NA,6389793,4.724268708,3,8
Coho,2011,VIMI,NA,3,NA,5985677,5.572014289,3,8
Coho,2012,VIMI,NA,3,NA,7787451,5.235384795,3,8
Coho,2013,VIMI,NA,3,NA,8242358,5.577702162,3,8
Coho,2014,VIMI,NA,3,NA,6506541,4.800310422,3,8
Coho,2015,VIMI,NA,3,NA,5748627,5.560729398,3,8
Coho,2016,VIMI,NA,3,NA,4764568,6.690331317,3,8
Coho,2017,VIMI,NA,3,NA,4879453,6.790738342,3,8
Coho,2018,VIMI,NA,3,NA,3823209,7.296033557,3,8
Coho,2019,VIMI,NA,3,NA,3226821,6.186898823,3,8
Coho,2020,VIMI,NA,3,NA,3275003,6.486794176,3,8
Coho,2021,VIMI,NA,3,NA,3224352,7.241381418,3,8
Pink,1996,VIMI,2603412,2,1435181,10911994,5.400416658,5,8
Pink,1997,VIMI,546255,2,399602,10239901,6.090548464,5,8
Pink,1998,VIMI,2293370,2,2603412,11692402,6.215470205,5,8
Pink,1999,VIMI,1429726,2,546255,11276147,5.793741131,5,8
Pink,2000,VIMI,5579538,2,2293370,13243754,4.866282963,5,8
Pink,2001,VIMI,2639514,2,1429726,13745271,5.610359267,5,8
Pink,2002,VIMI,983718,2,5579538,13912927,5.487532328,5,8
Pink,2003,VIMI,909515,2,2639514,14917275,5.689460673,5,8
Pink,2004,VIMI,1605404,2,983718,16991993,6.320263224,5,8
Pink,2005,VIMI,1169301,2,909515,16583436,6.295697976,5,8
Pink,2006,VIMI,647258,2,1605404,15571557,6.86878503,5,8
Pink,2007,VIMI,1170795,2,1169301,11720956,5.663032033,5,8
Pink,2008,VIMI,618169,2,647258,17149430,5.206310806,5,8
Pink,2009,VIMI,3838813,2,1170795,11434362,4.724268708,5,8
Pink,2010,VIMI,1456881,2,618169,19392009,5.572014289,5,8
Pink,2011,VIMI,1127221,2,3838813,14704989,5.235384795,5,8
Pink,2012,VIMI,2957661,2,1456881,19512587,5.577702162,5,8
Pink,2013,VIMI,4553560,2,1127221,14730328,4.800310422,5,8
Pink,2014,VIMI,5651585,2,2957661,16015874,5.560729398,5,8
Pink,2015,VIMI,4441694,2,4553560,13380621,6.690331317,5,8
Pink,2016,VIMI,815211,2,5651585,13358342,6.790738342,5,8
Pink,2017,VIMI,948043,2,4441694,8372993,7.296033557,5,8
Pink,2018,VIMI,727774,2,815211,9848661,6.186898823,5,8
Pink,2019,VIMI,1531122,2,948043,10946030,6.486794176,5,8
Pink,2020,VIMI,NA,2,727774,13996736,7.241381418,5,8
Pink,2021,VIMI,NA,2,1531122,9339422,6.640011302,5,8
Sockeye,1996,VIMI,465102,5,682865,NA,6.123800403,1,8
Sockeye,1997,VIMI,390004,5,647091,NA,5.568284151,1,8
Sockeye,1998,VIMI,570027,5,507050,70200,5.400416658,1,8
Sockeye,1999,VIMI,401761,5,277263,658700,6.090548464,1,8
Sockeye,2000,VIMI,203910,5,181411,657900,6.215470205,1,8
Sockeye,2001,VIMI,818403,5,465102,206000,5.793741131,1,8
Sockeye,2002,VIMI,621035,5,390004,862000,4.866282963,1,8
Sockeye,2003,VIMI,479458,5,570027,1025000,5.610359267,1,8
Sockeye,2004,VIMI,397702,5,401761,1615000,5.487532328,1,8
Sockeye,2005,VIMI,379818,5,203910,1200000,5.689460673,1,8
Sockeye,2006,VIMI,242990,5,818403,2256000,6.320263224,1,8
Sockeye,2007,VIMI,175369,5,621035,2408000,6.295697976,1,8
Sockeye,2008,VIMI,227105,5,479458,3030000,6.86878503,1,8
Sockeye,2009,VIMI,415152,5,397702,783000,5.663032033,1,8
Sockeye,2010,VIMI,940097,5,379818,950000,5.206310806,1,8
Sockeye,2011,VIMI,1039854,5,242990,NA,4.724268708,1,8
Sockeye,2012,VIMI,451854,5,175369,NA,5.572014289,1,8
Sockeye,2013,VIMI,724962,5,227105,NA,5.235384795,1,8
Sockeye,2014,VIMI,640173,5,415152,NA,5.577702162,1,8
Sockeye,2015,VIMI,855008,5,940097,NA,4.800310422,1,8
Sockeye,2016,VIMI,531187,5,1039854,NA,5.560729398,1,8
Sockeye,2017,VIMI,465330,5,451854,NA,6.690331317,1,8
Sockeye,2018,VIMI,196435,5,724962,NA,6.790738342,1,8
Sockeye,2019,VIMI,178176,5,640173,NA,7.296033557,1,8
Sockeye,2020,VIMI,273675,5,855008,NA,6.186898823,1,8
Sockeye,2021,VIMI,NA,5,531187,NA,6.486794176,1,8
Chinook,1996,Skeena,102683,6,36921,688357,5.215184858,2,4
Chinook,1997,Skeena,48594,6,40934,569611,5.591939988,2,4
Chinook,1998,Skeena,39031,6,85718,550302,6.123800403,2,4
Chinook,1999,Skeena,46127,6,110970,595516,5.568284151,2,4
Chinook,2000,Skeena,65962,6,86298,612040,5.400416658,2,4
Chinook,2001,Skeena,112794,6,54866,652568,6.090548464,2,4
Chinook,2002,Skeena,40980,6,102683,494587,6.215470205,2,4
Chinook,2003,Skeena,81489,6,48594,375250,5.793741131,2,4
Chinook,2004,Skeena,103256,6,39031,412529,4.866282963,2,4
Chinook,2005,Skeena,56599,6,46127,442477,5.610359267,2,4
Chinook,2006,Skeena,53760,6,65962,344800,5.487532328,2,4
Chinook,2007,Skeena,60989,6,112794,411880,5.689460673,2,4
Chinook,2008,Skeena,42733,6,40980,440806,6.320263224,2,4
Chinook,2009,Skeena,57131,6,81489,267977,6.295697976,2,4
Chinook,2010,Skeena,60705,6,103256,291009,6.86878503,2,4
Chinook,2011,Skeena,27089,6,56599,342402,5.663032033,2,4
Chinook,2012,Skeena,20375,6,53760,348600,5.206310806,2,4
Chinook,2013,Skeena,38634,6,60989,231874,4.724268708,2,4
Chinook,2014,Skeena,40325,6,42733,274650,5.572014289,2,4
Chinook,2015,Skeena,52174,6,57131,402085,5.235384795,2,4
Chinook,2016,Skeena,27061,6,60705,354614,5.577702162,2,4
Chinook,2017,Skeena,15143,6,27089,356483,4.800310422,2,4
Chinook,2018,Skeena,33462,6,20375,376475,5.560729398,2,4
Chinook,2019,Skeena,20195,6,38634,303448,6.690331317,2,4
Chinook,2020,Skeena,16727,6,40325,221474,6.790738342,2,4
Chum,1996,Skeena,16881,4,10432,NA,6.123800403,4,4
Chum,1997,Skeena,45617,4,20115,NA,5.568284151,4,4
Chum,1998,Skeena,31029,4,16505,NA,5.400416658,4,4
Chum,1999,Skeena,6168,4,16406,NA,6.090548464,4,4
Chum,2000,Skeena,10476,4,16881,NA,6.215470205,4,4
Chum,2001,Skeena,18996,4,45617,NA,5.793741131,4,4
Chum,2002,Skeena,7565,4,31029,NA,4.866282963,4,4
Chum,2003,Skeena,13157,4,6168,115943,5.610359267,4,4
Chum,2004,Skeena,29298,4,10476,20679,5.487532328,4,4
Chum,2005,Skeena,29701,4,18996,NA,5.689460673,4,4
Chum,2006,Skeena,4505,4,7565,NA,6.320263224,4,4
Chum,2007,Skeena,8782,4,13157,NA,6.295697976,4,4
Chum,2008,Skeena,4339,4,29298,NA,6.86878503,4,4
Chum,2009,Skeena,8059,4,29701,NA,5.663032033,4,4
Chum,2010,Skeena,4130,4,4505,NA,5.206310806,4,4
Chum,2011,Skeena,7878,4,8782,NA,4.724268708,4,4
Chum,2012,Skeena,5916,4,4339,NA,5.572014289,4,4
Chum,2013,Skeena,2453,4,8059,NA,5.235384795,4,4
Chum,2014,Skeena,2735,4,4130,5249,5.577702162,4,4
Chum,2015,Skeena,2626,4,7878,NA,4.800310422,4,4
Chum,2016,Skeena,4160,4,5916,NA,5.560729398,4,4
Chum,2017,Skeena,2448,4,2453,NA,6.690331317,4,4
Chum,2018,Skeena,NA,4,2735,8500,6.790738342,4,4
Chum,2019,Skeena,NA,4,2626,NA,7.296033557,4,4
Chum,2020,Skeena,NA,4,4160,NA,6.186898823,4,4
Coho,1996,Skeena,75375,3,113188,597781,5.568284151,3,4
Coho,1997,Skeena,38931,3,215884,407416,5.400416658,3,4
Coho,1998,Skeena,175595,3,76412,606236,6.090548464,3,4
Coho,1999,Skeena,350611,3,75375,405087,6.215470205,3,4
Coho,2000,Skeena,209973,3,38931,348728,5.793741131,3,4
Coho,2001,Skeena,456529,3,175595,227324,4.866282963,3,4
Coho,2002,Skeena,369536,3,350611,565152,5.610359267,3,4
Coho,2003,Skeena,356496,3,209973,496137,5.487532328,3,4
Coho,2004,Skeena,261921,3,456529,295358,5.689460673,3,4
Coho,2005,Skeena,507526,3,369536,451045,6.320263224,3,4
Coho,2006,Skeena,297599,3,356496,214773,6.295697976,3,4
Coho,2007,Skeena,226502,3,261921,161908,6.86878503,3,4
Coho,2008,Skeena,196659,3,507526,168227,5.663032033,3,4
Coho,2009,Skeena,480368,3,297599,99911,5.206310806,3,4
Coho,2010,Skeena,344485,3,226502,129337,4.724268708,3,4
Coho,2011,Skeena,150366,3,196659,57399,5.572014289,3,4
Coho,2012,Skeena,217459,3,480368,100858,5.235384795,3,4
Coho,2013,Skeena,414451,3,344485,117670,5.577702162,3,4
Coho,2014,Skeena,425764,3,150366,120518,4.800310422,3,4
Coho,2015,Skeena,158828,3,217459,118318,5.560729398,3,4
Coho,2016,Skeena,344065,3,414451,127820,6.690331317,3,4
Coho,2017,Skeena,288808,3,425764,165677,6.790738342,3,4
Coho,2018,Skeena,NA,3,158828,155670,7.296033557,3,4
Coho,2019,Skeena,NA,3,344065,66843,6.186898823,3,4
Coho,2020,Skeena,NA,3,288808,84232,6.486794176,3,4
Pink,1996,Skeena,4153779,2,658022,7500,5.400416658,5,4
Pink,1997,Skeena,889028,2,3766289,NA,6.090548464,5,4
Pink,1998,Skeena,735218,2,4153779,NA,6.215470205,5,4
Pink,1999,Skeena,2169448,2,889028,800,5.793741131,5,4
Pink,2000,Skeena,1362139,2,735218,NA,4.866282963,5,4
Pink,2001,Skeena,2697304,2,2169448,NA,5.610359267,5,4
Pink,2002,Skeena,2409388,2,1362139,NA,5.487532328,5,4
Pink,2003,Skeena,4125153,2,2697304,NA,5.689460673,5,4
Pink,2004,Skeena,2479283,2,2409388,NA,6.320263224,5,4
Pink,2005,Skeena,3855867,2,4125153,NA,6.295697976,5,4
Pink,2006,Skeena,522991,2,2479283,NA,6.86878503,5,4
Pink,2007,Skeena,2018254,2,3855867,NA,5.663032033,5,4
Pink,2008,Skeena,296053,2,522991,NA,5.206310806,5,4
Pink,2009,Skeena,6903041,2,2018254,NA,4.724268708,5,4
Pink,2010,Skeena,1192712,2,296053,NA,5.572014289,5,4
Pink,2011,Skeena,823399,2,6903041,NA,5.235384795,5,4
Pink,2012,Skeena,1188207,2,1192712,NA,5.577702162,5,4
Pink,2013,Skeena,3009905,2,823399,11692,4.800310422,5,4
Pink,2014,Skeena,4110164,2,1188207,NA,5.560729398,5,4
Pink,2015,Skeena,763303,2,3009905,NA,6.690331317,5,4
Pink,2016,Skeena,984705,2,4110164,NA,6.790738342,5,4
Pink,2017,Skeena,1133514,2,763303,NA,7.296033557,5,4
Pink,2018,Skeena,NA,2,984705,NA,6.186898823,5,4
Pink,2019,Skeena,NA,2,1133514,NA,6.486794176,5,4
Pink,2020,Skeena,NA,2,NA,NA,7.241381418,5,4
Sockeye,1996,Skeena,342409,5,652022,NA,6.123800403,1,4
Sockeye,1997,Skeena,356123,5,788487,NA,5.568284151,1,4
Sockeye,1998,Skeena,217920,5,770969,NA,5.400416658,1,4
Sockeye,1999,Skeena,333841,5,233149,NA,6.090548464,1,4
Sockeye,2000,Skeena,342455,5,309171,NA,6.215470205,1,4
Sockeye,2001,Skeena,1016834,5,342409,NA,5.793741131,1,4
Sockeye,2002,Skeena,258572,5,356123,NA,4.866282963,1,4
Sockeye,2003,Skeena,466578,5,217920,NA,5.610359267,1,4
Sockeye,2004,Skeena,452773,5,333841,NA,5.487532328,1,4
Sockeye,2005,Skeena,308442,5,342455,NA,5.689460673,1,4
Sockeye,2006,Skeena,292246,5,1016834,NA,6.320263224,1,4
Sockeye,2007,Skeena,280355,5,258572,NA,6.295697976,1,4
Sockeye,2008,Skeena,210141,5,466578,NA,6.86878503,1,4
Sockeye,2009,Skeena,271199,5,452773,NA,5.663032033,1,4
Sockeye,2010,Skeena,311191,5,308442,NA,5.206310806,1,4
Sockeye,2011,Skeena,408371,5,292246,1600,4.724268708,1,4
Sockeye,2012,Skeena,406700,5,280355,96406,5.572014289,1,4
Sockeye,2013,Skeena,143576,5,210141,271811,5.235384795,1,4
Sockeye,2014,Skeena,295296,5,271199,270052,5.577702162,1,4
Sockeye,2015,Skeena,428797,5,311191,NA,4.800310422,1,4
Sockeye,2016,Skeena,437017,5,408371,296925,5.560729398,1,4
Sockeye,2017,Skeena,237615,5,406700,325731,6.690331317,1,4
Sockeye,2018,Skeena,311828,5,143576,291295,6.790738342,1,4
Sockeye,2019,Skeena,174357,5,295296,322613,7.296033557,1,4
Sockeye,2020,Skeena,187788,5,428797,NA,6.186898823,1,4
Sockeye,2021,Skeena,193008,5,437017,NA,6.486794176,1,4
Sockeye,2022,Skeena,206996,5,237615,NA,7.241381418,1,4
Sockeye,2023,Skeena,148556,5,311828,NA,6.640011302,1,4
Chinook,1996,Nass,22950,5,7926,98029,5.591939988,2,3
Chinook,1997,Nass,20337,5,17716,250102,6.123800403,2,3
Chinook,1998,Nass,24675,5,25853,NA,5.568284151,2,3
Chinook,1999,Nass,12526,5,24872,194960,5.400416658,2,3
Chinook,2000,Nass,19349,5,8817,176731,6.090548464,2,3
Chinook,2001,Nass,32340,5,22950,9038,6.215470205,2,3
Chinook,2002,Nass,14804,5,20337,173506,5.793741131,2,3
Chinook,2003,Nass,28273,5,24675,94797,4.866282963,2,3
Chinook,2004,Nass,16876,5,12526,155391,5.610359267,2,3
Chinook,2005,Nass,15571,5,19349,107248,5.487532328,2,3
Chinook,2006,Nass,28061,5,32340,146258,5.689460673,2,3
Chinook,2007,Nass,24964,5,14804,75100,6.320263224,2,3
Chinook,2008,Nass,22138,5,28273,185463,6.295697976,2,3
Chinook,2009,Nass,29576,5,16876,70903,6.86878503,2,3
Chinook,2010,Nass,20729,5,15571,21037,5.663032033,2,3
Chinook,2011,Nass,10826,5,28061,NA,5.206310806,2,3
Chinook,2012,Nass,9798,5,24964,29205,4.724268708,2,3
Chinook,2013,Nass,9034,5,22138,29794,5.572014289,2,3
Chinook,2014,Nass,12979,5,29576,NA,5.235384795,2,3
Chinook,2015,Nass,20595,5,20729,70241,5.577702162,2,3
Chinook,2016,Nass,10191,5,10826,NA,4.800310422,2,3
Chinook,2017,Nass,4984,5,9798,NA,5.560729398,2,3
Chinook,2018,Nass,16319,5,9034,NA,6.690331317,2,3
Chinook,2019,Nass,11833,5,12979,NA,6.790738342,2,3
Chinook,2020,Nass,14315,5,20595,NA,7.296033557,2,3
Chinook,2021,Nass,12742,5,10191,NA,6.186898823,2,3
Chinook,2022,Nass,18204,5,4984,NA,6.486794176,2,3
Chum,1996,Nass,35181,4,39118,5000,6.123800403,4,3
Chum,1997,Nass,35030,4,125489,NA,5.568284151,4,3
Chum,1998,Nass,217694,4,90496,NA,5.400416658,4,3
Chum,1999,Nass,53253,4,62452,160000,6.090548464,4,3
Chum,2000,Nass,35094,4,35181,10000,6.215470205,4,3
Chum,2001,Nass,48139,4,35030,5282,5.793741131,4,3
Chum,2002,Nass,30382,4,217694,2000,4.866282963,4,3
Chum,2003,Nass,72237,4,53253,3905,5.610359267,4,3
Chum,2004,Nass,87572,4,35094,NA,5.487532328,4,3
Chum,2005,Nass,69099,4,48139,NA,5.689460673,4,3
Chum,2006,Nass,73550,4,30382,NA,6.320263224,4,3
Chum,2007,Nass,28922,4,72237,6624,6.295697976,4,3
Chum,2008,Nass,23789,4,87572,NA,6.86878503,4,3
Chum,2009,Nass,47875,4,69099,NA,5.663032033,4,3
Chum,2010,Nass,35045,4,73550,15581,5.206310806,4,3
Chum,2011,Nass,37595,4,28922,NA,4.724268708,4,3
Chum,2012,Nass,38249,4,23789,NA,5.572014289,4,3
Chum,2013,Nass,30363,4,47875,NA,5.235384795,4,3
Chum,2014,Nass,40412,4,35045,NA,5.577702162,4,3
Chum,2015,Nass,144101,4,37595,NA,4.800310422,4,3
Chum,2016,Nass,44071,4,38249,NA,5.560729398,4,3
Chum,2017,Nass,22780,4,30363,NA,6.690331317,4,3
Chum,2018,Nass,65771,4,40412,NA,6.790738342,4,3
Chum,2019,Nass,89922,4,144101,NA,7.296033557,4,3
Chum,2020,Nass,101611,4,44071,NA,6.186898823,4,3
Chum,2021,Nass,118172,4,22780,NA,6.486794176,4,3
Chum,2022,Nass,97478,4,65771,NA,7.241381418,4,3
Coho,1996,Nass,79400,3,43339,45245,5.568284151,3,3
Coho,1997,Nass,27476,3,206844,59593,5.400416658,3,3
Coho,1998,Nass,70115,3,47098,26155,6.090548464,3,3
Coho,1999,Nass,103122,3,79400,16572,6.215470205,3,3
Coho,2000,Nass,106137,3,27476,98885,5.793741131,3,3
Coho,2001,Nass,194760,3,70115,60634,4.866282963,3,3
Coho,2002,Nass,292323,3,103122,95,5.610359267,3,3
Coho,2003,Nass,140901,3,106137,85,5.487532328,3,3
Coho,2004,Nass,98998,3,194760,120,5.689460673,3,3
Coho,2005,Nass,159860,3,292323,355,6.320263224,3,3
Coho,2006,Nass,101693,3,140901,188,6.295697976,3,3
Coho,2007,Nass,141930,3,98998,160,6.86878503,3,3
Coho,2008,Nass,115478,3,159860,70,5.663032033,3,3
Coho,2009,Nass,311688,3,101693,230,5.206310806,3,3
Coho,2010,Nass,148263,3,141930,212,4.724268708,3,3
Coho,2011,Nass,98007,3,115478,125,5.572014289,3,3
Coho,2012,Nass,114963,3,311688,275,5.235384795,3,3
Coho,2013,Nass,354230,3,148263,220,5.577702162,3,3
Coho,2014,Nass,231710,3,98007,290,4.800310422,3,3
Coho,2015,Nass,55954,3,114963,265,5.560729398,3,3
Coho,2016,Nass,183233,3,354230,310,6.690331317,3,3
Coho,2017,Nass,190134,3,231710,310,6.790738342,3,3
Coho,2018,Nass,72548,3,55954,315,7.296033557,3,3
Coho,2019,Nass,144129,3,183233,NA,6.186898823,3,3
Coho,2020,Nass,96237,3,190134,140,6.486794176,3,3
Coho,2021,Nass,180806,3,72548,290,7.241381418,3,3
Coho,2022,Nass,291434,3,144129,145,6.640011302,3,3
Pink,1996,Nass,2797784,2,419130,NA,5.400416658,5,3
Pink,1997,Nass,409907,2,639807,NA,6.090548464,5,3
Pink,1998,Nass,522623,2,2797784,NA,6.215470205,5,3
Pink,1999,Nass,839345,2,409907,NA,5.793741131,5,3
Pink,2000,Nass,1094709,2,522623,NA,4.866282963,5,3
Pink,2001,Nass,1471653,2,839345,NA,5.610359267,5,3
Pink,2002,Nass,2281210,2,1094709,NA,5.487532328,5,3
Pink,2003,Nass,1565131,2,1471653,NA,5.689460673,5,3
Pink,2004,Nass,2220776,2,2281210,NA,6.320263224,5,3
Pink,2005,Nass,1782531,2,1565131,NA,6.295697976,5,3
Pink,2006,Nass,394700,2,2220776,NA,6.86878503,5,3
Pink,2007,Nass,1111938,2,1782531,NA,5.663032033,5,3
Pink,2008,Nass,213534,2,394700,NA,5.206310806,5,3
Pink,2009,Nass,1175949,2,1111938,NA,4.724268708,5,3
Pink,2010,Nass,1009340,2,213534,NA,5.572014289,5,3
Pink,2011,Nass,203585,2,1175949,NA,5.235384795,5,3
Pink,2012,Nass,1033670,2,1009340,NA,5.577702162,5,3
Pink,2013,Nass,1417685,2,203585,NA,4.800310422,5,3
Pink,2014,Nass,3624384,2,1033670,NA,5.560729398,5,3
Pink,2015,Nass,756813,2,1417685,NA,6.690331317,5,3
Pink,2016,Nass,824510,2,3624384,NA,6.790738342,5,3
Pink,2017,Nass,1471216,2,756813,NA,7.296033557,5,3
Pink,2018,Nass,351319,2,824510,NA,6.186898823,5,3
Pink,2019,Nass,254459,2,1471216,NA,6.486794176,5,3
Pink,2020,Nass,3695116,2,351319,NA,7.241381418,5,3
Pink,2021,Nass,900891,2,254459,NA,6.640011302,5,3
Pink,2022,Nass,6047266,2,3695116,NA,6.079160826,5,3
Sockeye,1996,Nass,189024,5,257287,NA,6.123800403,1,3
Sockeye,1997,Nass,186905,5,604482,NA,5.568284151,1,3
Sockeye,1998,Nass,186678,5,422625,NA,5.400416658,1,3
Sockeye,1999,Nass,203473,5,171902,NA,6.090548464,1,3
Sockeye,2000,Nass,140838,5,213621,NA,6.215470205,1,3
Sockeye,2001,Nass,125185,5,189024,NA,5.793741131,1,3
Sockeye,2002,Nass,340397,5,186905,NA,4.866282963,1,3
Sockeye,2003,Nass,211661,5,186678,NA,5.610359267,1,3
Sockeye,2004,Nass,146003,5,203473,NA,5.487532328,1,3
Sockeye,2005,Nass,156367,5,140838,NA,5.689460673,1,3
Sockeye,2006,Nass,157146,5,125185,NA,6.320263224,1,3
Sockeye,2007,Nass,130412,5,340397,NA,6.295697976,1,3
Sockeye,2008,Nass,170210,5,211661,NA,6.86878503,1,3
Sockeye,2009,Nass,194095,5,146003,NA,5.663032033,1,3
Sockeye,2010,Nass,170488,5,156367,NA,5.206310806,1,3
Sockeye,2011,Nass,198231,5,157146,NA,4.724268708,1,3
Sockeye,2012,Nass,160476,5,130412,NA,5.572014289,1,3
Sockeye,2013,Nass,186969,5,170210,NA,5.235384795,1,3
Sockeye,2014,Nass,160621,5,194095,NA,5.577702162,1,3
Sockeye,2015,Nass,224778,5,170488,NA,4.800310422,1,3
Sockeye,2016,Nass,147192,5,198231,NA,5.560729398,1,3
Sockeye,2017,Nass,135786,5,160476,NA,6.690331317,1,3
Sockeye,2018,Nass,121749,5,186969,NA,6.790738342,1,3
Sockeye,2019,Nass,130723,5,160621,NA,7.296033557,1,3
Sockeye,2020,Nass,145317,5,224778,NA,6.186898823,1,3
Sockeye,2021,Nass,305181,5,147192,NA,6.486794176,1,3
Sockeye,2022,Nass,788973,5,135786,NA,7.241381418,1,3
Sockeye,2023,Nass,31827,5,121749,NA,6.640011302,1,3
Chinook,1996,HG,4500,6,3000,192483,5.215184858,2,2
Chinook,1997,HG,3750,6,2850,191486,5.591939988,2,2
Chinook,1998,HG,4500,6,3000,163373,6.123800403,2,2
Chinook,1999,HG,4800,6,1500,275550,5.568284151,2,2
Chinook,2000,HG,5400,6,3000,184599,5.400416658,2,2
Chinook,2001,HG,NA,6,2250,275437,6.090548464,2,2
Chinook,2002,HG,5250,6,4500,203816,6.215470205,2,2
Chinook,2003,HG,6000,6,3750,351943,5.793741131,2,2
Chinook,2004,HG,NA,6,4500,171424,4.866282963,2,2
Chinook,2005,HG,7500,6,4800,241043,5.610359267,2,2
Chinook,2006,HG,7500,6,5400,157697,5.487532328,2,2
Chinook,2007,HG,NA,6,NA,401125,5.689460673,2,2
Chinook,2008,HG,NA,6,5250,135901,6.320263224,2,2
Chinook,2009,HG,NA,6,6000,125000,6.295697976,2,2
Chinook,2010,HG,NA,6,NA,203000,6.86878503,2,2
Chinook,2011,HG,NA,6,7500,206108,5.663032033,2,2
Chinook,2012,HG,NA,6,7500,NA,5.206310806,2,2
Chinook,2013,HG,NA,6,NA,243190,4.724268708,2,2
Chinook,2014,HG,NA,6,NA,231287,5.572014289,2,2
Chinook,2015,HG,NA,6,NA,238369,5.235384795,2,2
Chinook,2016,HG,NA,6,NA,305260,5.577702162,2,2
Chinook,2017,HG,NA,6,NA,253944,4.800310422,2,2
Chinook,2018,HG,NA,6,NA,118686,5.560729398,2,2
Chinook,2019,HG,NA,6,NA,128100,6.690331317,2,2
Chinook,2020,HG,NA,6,NA,134816,6.790738342,2,2
Chinook,2021,HG,NA,6,NA,113108,7.296033557,2,2
Chum,1996,HG,416055,5,448149,4270232,5.591939988,4,2
Chum,1997,HG,352583,5,284688,1197090,6.123800403,4,2
Chum,1998,HG,581819,5,444776,2637710,5.568284151,4,2
Chum,1999,HG,606415,5,420287,3244638,5.400416658,4,2
Chum,2000,HG,408818,5,393630,5200990,6.090548464,4,2
Chum,2001,HG,364616,5,416055,2980221,6.215470205,4,2
Chum,2002,HG,321887,5,352583,3310079,5.793741131,4,2
Chum,2003,HG,373698,5,581819,4342624,4.866282963,4,2
Chum,2004,HG,412047,5,606415,3206827,5.610359267,4,2
Chum,2005,HG,363579,5,408818,3553791,5.487532328,4,2
Chum,2006,HG,325550,5,364616,4071140,5.689460673,4,2
Chum,2007,HG,165131,5,321887,481265,6.320263224,4,2
Chum,2008,HG,264037,5,373698,843045,6.295697976,4,2
Chum,2009,HG,388730,5,412047,9185188,6.86878503,4,2
Chum,2010,HG,262960,5,363579,74351,5.663032033,4,2
Chum,2011,HG,248056,5,325550,32644,5.206310806,4,2
Chum,2012,HG,356021,5,165131,97497,4.724268708,4,2
Chum,2013,HG,184876,5,264037,66076,5.572014289,4,2
Chum,2014,HG,106234,5,388730,79948,5.235384795,4,2
Chum,2015,HG,309982,5,262960,NA,5.577702162,4,2
Chum,2016,HG,195694,5,248056,48574,4.800310422,4,2
Chum,2017,HG,202442,5,356021,57370,5.560729398,4,2
Chum,2018,HG,288859,5,184876,132035,6.690331317,4,2
Chum,2019,HG,182634,5,106234,NA,6.790738342,4,2
Chum,2020,HG,49571,5,309982,37183,7.296033557,4,2
Chum,2021,HG,78810,5,195694,144917,6.186898823,4,2
Coho,1996,HG,119790,3,110664,685398,5.568284151,3,2
Coho,1997,HG,68168,3,278177,281181,5.400416658,3,2
Coho,1998,HG,231543,3,64894,481487,6.090548464,3,2
Coho,1999,HG,182397,3,119790,389645,6.215470205,3,2
Coho,2000,HG,220065,3,68168,413076,5.793741131,3,2
Coho,2001,HG,268359,3,231543,329039,4.866282963,3,2
Coho,2002,HG,162522,3,182397,481068,5.610359267,3,2
Coho,2003,HG,123612,3,220065,977567,5.487532328,3,2
Coho,2004,HG,66240,3,268359,670969,5.689460673,3,2
Coho,2005,HG,171841,3,162522,739876,6.320263224,3,2
Coho,2006,HG,249884,3,123612,539750,6.295697976,3,2
Coho,2007,HG,197953,3,66240,462738,6.86878503,3,2
Coho,2008,HG,128820,3,171841,603658,5.663032033,3,2
Coho,2009,HG,411987,3,249884,114512,5.206310806,3,2
Coho,2010,HG,199664,3,197953,447650,4.724268708,3,2
Coho,2011,HG,184186,3,128820,88614,5.572014289,3,2
Coho,2012,HG,143184,3,411987,14590,5.235384795,3,2
Coho,2013,HG,65315,3,199664,677510,5.577702162,3,2
Coho,2014,HG,75308,3,184186,122901,4.800310422,3,2
Coho,2015,HG,317102,3,143184,97430,5.560729398,3,2
Coho,2016,HG,248030,3,65315,48733,6.690331317,3,2
Coho,2017,HG,183709,3,75308,70611,6.790738342,3,2
Coho,2018,HG,110538,3,317102,65890,7.296033557,3,2
Coho,2019,HG,97146,3,248030,105538,6.186898823,3,2
Coho,2020,HG,78180,3,183709,61389,6.486794176,3,2
Coho,2021,HG,13755,3,110538,121439,7.241381418,3,2
Pink,1996,HG,5586414,2,1869597,NA,5.400416658,5,2
Pink,1997,HG,6227,2,6841,NA,6.090548464,5,2
Pink,1998,HG,2314072,2,5586414,NA,6.215470205,5,2
Pink,1999,HG,6396,2,6227,NA,5.793741131,5,2
Pink,2000,HG,1673067,2,2314072,NA,4.866282963,5,2
Pink,2001,HG,13846,2,6396,NA,5.610359267,5,2
Pink,2002,HG,2515893,2,1673067,NA,5.487532328,5,2
Pink,2003,HG,11920,2,13846,NA,5.689460673,5,2
Pink,2004,HG,743579,2,2515893,NA,6.320263224,5,2
Pink,2005,HG,222186,2,11920,12189,6.295697976,5,2
Pink,2006,HG,696794,2,743579,NA,6.86878503,5,2
Pink,2007,HG,75283,2,222186,NA,5.663032033,5,2
Pink,2008,HG,1468947,2,696794,NA,5.206310806,5,2
Pink,2009,HG,64287,2,75283,4116,4.724268708,5,2
Pink,2010,HG,3804451,2,1468947,NA,5.572014289,5,2
Pink,2011,HG,144435,2,64287,6087,5.235384795,5,2
Pink,2012,HG,2181164,2,3804451,NA,5.577702162,5,2
Pink,2013,HG,77908,2,144435,NA,4.800310422,5,2
Pink,2014,HG,1665530,2,2181164,NA,5.560729398,5,2
Pink,2015,HG,72468,2,77908,NA,6.690331317,5,2
Pink,2016,HG,667592,2,1665530,NA,6.790738342,5,2
Pink,2017,HG,57706,2,72468,NA,7.296033557,5,2
Pink,2018,HG,1871336,2,667592,NA,6.186898823,5,2
Pink,2019,HG,27312,2,57706,NA,6.486794176,5,2
Pink,2020,HG,2434634,2,1871336,NA,7.241381418,5,2
Pink,2021,HG,38954,2,27312,NA,6.640011302,5,2
Sockeye,1996,HG,70200,5,14700,NA,6.123800403,1,2
Sockeye,1997,HG,47920,5,35240,NA,5.568284151,1,2
Sockeye,1998,HG,60000,5,23746,NA,5.400416658,1,2
Sockeye,1999,HG,57000,5,24400,NA,6.090548464,1,2
Sockeye,2000,HG,56500,5,20000,NA,6.215470205,1,2
Sockeye,2001,HG,25748,5,70200,NA,5.793741131,1,2
Sockeye,2002,HG,33700,5,47920,NA,4.866282963,1,2
Sockeye,2003,HG,32000,5,60000,NA,5.610359267,1,2
Sockeye,2004,HG,33712,5,57000,NA,5.487532328,1,2
Sockeye,2005,HG,20432,5,56500,NA,5.689460673,1,2
Sockeye,2006,HG,70449,5,25748,NA,6.320263224,1,2
Sockeye,2007,HG,24116,5,33700,NA,6.295697976,1,2
Sockeye,2008,HG,29412,5,32000,NA,6.86878503,1,2
Sockeye,2009,HG,28463,5,33712,NA,5.663032033,1,2
Sockeye,2010,HG,64625,5,20432,NA,5.206310806,1,2
Sockeye,2011,HG,45226,5,70449,NA,4.724268708,1,2
Sockeye,2012,HG,57922,5,24116,NA,5.572014289,1,2
Sockeye,2013,HG,41000,5,29412,NA,5.235384795,1,2
Sockeye,2014,HG,66700,5,28463,NA,5.577702162,1,2
Sockeye,2015,HG,59500,5,64625,NA,4.800310422,1,2
Sockeye,2016,HG,54700,5,45226,NA,5.560729398,1,2
Sockeye,2017,HG,42000,5,57922,NA,6.690331317,1,2
Sockeye,2018,HG,29600,5,41000,NA,6.790738342,1,2
Sockeye,2019,HG,23800,5,66700,NA,7.296033557,1,2
Sockeye,2020,HG,23300,5,59500,NA,6.186898823,1,2
Sockeye,2021,HG,25900,5,54700,NA,6.486794176,1,2
Chinook,1996,Fraser,116766,5,92050,9342337,5.591939988,2,6
Chinook,1997,Fraser,178745,5,132363,7961383,6.123800403,2,6
Chinook,1998,Fraser,343185,5,120487,7230478,5.568284151,2,6
Chinook,1999,Fraser,233024,5,99649,5195602,5.400416658,2,6
Chinook,2000,Fraser,204369,5,81420,5393970,6.090548464,2,6
Chinook,2001,Fraser,281408,5,116766,3072950,6.215470205,2,6
Chinook,2002,Fraser,316791,5,178745,4530808,5.793741131,2,6
Chinook,2003,Fraser,471304,5,343185,5339090,4.866282963,2,6
Chinook,2004,Fraser,299842,5,233024,5783497,5.610359267,2,6
Chinook,2005,Fraser,251758,5,204369,5024199,5.487532328,2,6
Chinook,2006,Fraser,327638,5,281408,4709365,5.689460673,2,6
Chinook,2007,Fraser,187633,5,316791,4708436,6.320263224,2,6
Chinook,2008,Fraser,201142,5,471304,4695121,6.295697976,2,6
Chinook,2009,Fraser,225744,5,299842,3872469,6.86878503,2,6
Chinook,2010,Fraser,326698,5,251758,4492978,5.663032033,2,6
Chinook,2011,Fraser,300804,5,327638,2202125,5.206310806,2,6
Chinook,2012,Fraser,132324,5,187633,2385882,4.724268708,2,6
Chinook,2013,Fraser,218093,5,201142,2270892,5.572014289,2,6
Chinook,2014,Fraser,220520,5,225744,2461245,5.235384795,2,6
Chinook,2015,Fraser,367562,5,326698,2356232,5.577702162,2,6
Chinook,2016,Fraser,186184,5,300804,2258032,4.800310422,2,6
Chinook,2017,Fraser,149979,5,132324,2398842,5.560729398,2,6
Chinook,2018,Fraser,124093,5,218093,2122893,6.690331317,2,6
Chinook,2019,Fraser,NA,5,220520,2084080,6.790738342,2,6
Chinook,2020,Fraser,NA,5,367562,2172235,7.296033557,2,6
Chinook,2021,Fraser,NA,5,186184,2164923,6.186898823,2,6
Chinook,2022,Fraser,NA,5,149979,2194661,6.486794176,2,6
Chum,1996,Fraser,NA,4,NA,25356944,6.123800403,4,6
Chum,1997,Fraser,NA,4,NA,22165529,5.568284151,4,6
Chum,1998,Fraser,NA,4,NA,25540210,5.400416658,4,6
Chum,1999,Fraser,NA,4,NA,24128102,6.090548464,4,6
Chum,2000,Fraser,NA,4,NA,24744035,6.215470205,4,6
Chum,2001,Fraser,NA,4,NA,18518446,5.793741131,4,6
Chum,2002,Fraser,NA,4,NA,20524727,4.866282963,4,6
Chum,2003,Fraser,NA,4,NA,14512954,5.610359267,4,6
Chum,2004,Fraser,NA,4,NA,7979466,5.487532328,4,6
Chum,2005,Fraser,NA,4,NA,10714339,5.689460673,4,6
Chum,2006,Fraser,NA,4,NA,10821907,6.320263224,4,6
Chum,2007,Fraser,NA,4,NA,11149179,6.295697976,4,6
Chum,2008,Fraser,NA,4,NA,10608572,6.86878503,4,6
Chum,2009,Fraser,NA,4,NA,11447006,5.663032033,4,6
Chum,2010,Fraser,NA,4,NA,7880008,5.206310806,4,6
Chum,2011,Fraser,NA,4,NA,14448361,4.724268708,4,6
Chum,2012,Fraser,NA,4,NA,12703241,5.572014289,4,6
Chum,2013,Fraser,NA,4,NA,15138443,5.235384795,4,6
Chum,2014,Fraser,NA,4,NA,8279915,5.577702162,4,6
Chum,2015,Fraser,NA,4,NA,9938046,4.800310422,4,6
Chum,2016,Fraser,NA,4,NA,12432451,5.560729398,4,6
Chum,2017,Fraser,NA,4,NA,15480249,6.690331317,4,6
Chum,2018,Fraser,NA,4,NA,11910487,6.790738342,4,6
Chum,2019,Fraser,NA,4,NA,10605497,7.296033557,4,6
Chum,2020,Fraser,NA,4,NA,10243116,6.186898823,4,6
Chum,2021,Fraser,NA,4,NA,9204200,6.486794176,4,6
Chum,2022,Fraser,NA,4,NA,12888535,7.241381418,4,6
Coho,1996,Fraser,12514,3,35940,5111661,5.568284151,3,6
Coho,1997,Fraser,21916,3,37543,4463208,5.400416658,3,6
Coho,1998,Fraser,28197,3,29018,4394183,6.090548464,3,6
Coho,1999,Fraser,24616,3,12514,4290393,6.215470205,3,6
Coho,2000,Fraser,23513,3,21916,4213956,5.793741131,3,6
Coho,2001,Fraser,62979,3,28197,4545467,4.866282963,3,6
Coho,2002,Fraser,57570,3,24616,4611657,5.610359267,3,6
Coho,2003,Fraser,22500,3,23513,5215327,5.487532328,3,6
Coho,2004,Fraser,42025,3,62979,5359916,5.689460673,3,6
Coho,2005,Fraser,14503,3,57570,5442359,6.320263224,3,6
Coho,2006,Fraser,9940,3,22500,5123567,6.295697976,3,6
Coho,2007,Fraser,60220,3,42025,4022731,6.86878503,3,6
Coho,2008,Fraser,17339,3,14503,4298978,5.663032033,3,6
Coho,2009,Fraser,23197,3,9940,3505895,5.206310806,3,6
Coho,2010,Fraser,40729,3,60220,3046212,4.724268708,3,6
Coho,2011,Fraser,28419,3,17339,3333700,5.572014289,3,6
Coho,2012,Fraser,57560,3,23197,3502452,5.235384795,3,6
Coho,2013,Fraser,58645,3,40729,3744020,5.577702162,3,6
Coho,2014,Fraser,19601,3,28419,4174869,4.800310422,3,6
Coho,2015,Fraser,12849,3,57560,3597887,5.560729398,3,6
Coho,2016,Fraser,65609,3,58645,3256668,6.690331317,3,6
Coho,2017,Fraser,24794,3,19601,2942094,6.790738342,3,6
Coho,2018,Fraser,33980,3,12849,2939118,7.296033557,3,6
Coho,2019,Fraser,43984,3,65609,2135752,6.186898823,3,6
Coho,2020,Fraser,72813,3,24794,2076196,6.486794176,3,6
Coho,2021,Fraser,87639,3,33980,2388228,7.241381418,3,6
Coho,2022,Fraser,72806,3,43984,2584980,6.640011302,3,6
Pink,1997,Fraser,2842108,2,10768335,NA,5.400416658,5,6
Pink,1999,Fraser,3444982,2,7174584,NA,6.215470205,5,6
Pink,2001,Fraser,19813620,2,2842108,NA,4.866282963,5,6
Pink,2003,Fraser,22181030,2,3444982,NA,5.487532328,5,6
Pink,2005,Fraser,8809624,2,19813620,NA,6.320263224,5,6
Pink,2007,Fraser,7650052,2,22181030,NA,6.86878503,5,6
Pink,2009,Fraser,15428836,2,8809624,NA,5.206310806,5,6
Pink,2011,Fraser,12784508,2,7650052,NA,5.572014289,5,6
Pink,2013,Fraser,9344490,2,15428836,40909,5.577702162,5,6
Pink,2015,Fraser,5368996,2,12784508,NA,5.560729398,5,6
Pink,2017,Fraser,3392159,2,9344490,NA,6.790738342,5,6
Pink,2019,Fraser,8307419,2,5368996,NA,6.186898823,5,6
Pink,2021,Fraser,7827445,2,3392159,NA,7.241381418,5,6
Pink,2023,Fraser,9542025,2,8307419,NA,6.079160826,5,6
Sockeye,1996,Fraser,2056236,4,1120191,90587558,5.568284151,1,6
Sockeye,1997,Fraser,4262269,4,6228096,75951579,5.400416658,1,6
Sockeye,1998,Fraser,4427594,4,3103578,61061314,6.090548464,1,6
Sockeye,1999,Fraser,1867769,4,1757009,51875883,6.215470205,1,6
Sockeye,2000,Fraser,2353828,4,2056236,33554679,5.793741131,1,6
Sockeye,2001,Fraser,5278259,4,4262269,81003502,4.866282963,1,6
Sockeye,2002,Fraser,10130277,4,4427594,24229561,5.610359267,1,6
Sockeye,2003,Fraser,1987342,4,1867769,80388846,5.487532328,1,6
Sockeye,2004,Fraser,524328,4,2353828,55334952,5.689460673,1,6
Sockeye,2005,Fraser,3346884,4,5278259,37328280,6.320263224,1,6
Sockeye,2006,Fraser,4660263,4,10130277,46490445,6.295697976,1,6
Sockeye,2007,Fraser,888232,4,1987342,83496026,6.86878503,1,6
Sockeye,2008,Fraser,815850,4,524328,82329107,5.663032033,1,6
Sockeye,2009,Fraser,1102540,4,3346884,48011095,5.206310806,1,6
Sockeye,2010,Fraser,13136384,4,4660263,49555139,4.724268708,1,6
Sockeye,2011,Fraser,2585352,4,888232,61643558,5.572014289,1,6
Sockeye,2012,Fraser,925376,4,815850,36920063,5.235384795,1,6
Sockeye,2013,Fraser,2564700,4,1102540,10714401,5.577702162,1,6
Sockeye,2014,Fraser,5886125,4,13136384,47089033,4.800310422,1,6
Sockeye,2015,Fraser,1192359,4,2585352,79293796,5.560729398,1,6
Sockeye,2016,Fraser,486949,4,925376,48683110,6.690331317,1,6
Sockeye,2017,Fraser,954479,4,2564700,13447706,6.790738342,1,6
Sockeye,2018,Fraser,4100911,4,5886125,48884769,7.296033557,1,6
Sockeye,2019,Fraser,304443,4,1192359,45246090,6.186898823,1,6
Sockeye,2020,Fraser,273773,4,486949,14938047,6.486794176,1,6
Sockeye,2021,Fraser,1903930,4,954479,11082833,7.241381418,1,6
Sockeye,2022,Fraser,3502306,4,4100911,27776863,6.640011302,1,6
Chinook,1996,Columbia,NA,4,NA,NA,6.123800403,2,7
Chinook,1997,Columbia,NA,4,NA,NA,5.568284151,2,7
Chinook,1998,Columbia,NA,4,NA,NA,5.400416658,2,7
Chinook,1999,Columbia,NA,4,NA,NA,6.090548464,2,7
Chinook,2000,Columbia,NA,4,NA,NA,6.215470205,2,7
Chinook,2001,Columbia,NA,4,NA,NA,5.793741131,2,7
Chinook,2002,Columbia,NA,4,NA,NA,4.866282963,2,7
Chinook,2003,Columbia,NA,4,NA,NA,5.610359267,2,7
Chinook,2004,Columbia,NA,4,NA,NA,5.487532328,2,7
Chinook,2005,Columbia,NA,4,NA,NA,5.689460673,2,7
Chinook,2006,Columbia,34,4,NA,NA,6.320263224,2,7
Chinook,2007,Columbia,7,4,NA,NA,6.295697976,2,7
Chinook,2008,Columbia,14,4,NA,NA,6.86878503,2,7
Chinook,2009,Columbia,6,4,NA,NA,5.663032033,2,7
Chinook,2010,Columbia,5,4,34,NA,5.206310806,2,7
Chinook,2011,Columbia,21,4,7,NA,4.724268708,2,7
Chinook,2012,Columbia,11,4,14,NA,5.572014289,2,7
Chinook,2013,Columbia,40,4,6,NA,5.235384795,2,7
Chinook,2014,Columbia,50,4,5,NA,5.577702162,2,7
Chinook,2015,Columbia,61,4,21,NA,4.800310422,2,7
Chinook,2016,Columbia,40,4,11,NA,5.560729398,2,7
Chinook,2017,Columbia,54,4,40,NA,6.690331317,2,7
Chinook,2018,Columbia,10,4,50,NA,6.790738342,2,7
Chinook,2019,Columbia,15,4,61,NA,7.296033557,2,7
Chinook,2020,Columbia,79,4,40,NA,6.186898823,2,7
Chinook,2021,Columbia,73,4,54,NA,6.486794176,2,7
Chinook,2022,Columbia,23,4,10,NA,7.241381418,2,7
Sockeye,1996,Columbia,17035,NA,NA,NA,NA,1,7
Sockeye,1997,Columbia,11996,NA,NA,NA,NA,1,7
Sockeye,1998,Columbia,3708,NA,NA,NA,NA,1,7
Sockeye,1999,Columbia,5648,NA,NA,NA,NA,1,7
Sockeye,2000,Columbia,29243,NA,NA,NA,NA,1,7
Sockeye,2001,Columbia,41922,NA,NA,NA,NA,1,7
Sockeye,2002,Columbia,4898,NA,NA,NA,NA,1,7
Sockeye,2003,Columbia,17753,NA,NA,NA,NA,1,7
Sockeye,2004,Columbia,41571,NA,NA,NA,NA,1,7
Sockeye,2005,Columbia,31536,NA,NA,NA,NA,1,7
Sockeye,2006,Columbia,20819,NA,NA,NA,NA,1,7
Sockeye,2007,Columbia,13504,NA,NA,NA,NA,1,7
Sockeye,2008,Columbia,127602,NA,NA,NA,NA,1,7
Sockeye,2009,Columbia,64141,NA,NA,NA,NA,1,7
Sockeye,2010,Columbia,209974,NA,NA,NA,NA,1,7
Sockeye,2011,Columbia,77650,NA,NA,NA,NA,1,7
Sockeye,2012,Columbia,94071,NA,NA,NA,NA,1,7
Sockeye,2013,Columbia,36557,NA,NA,NA,NA,1,7
Sockeye,2014,Columbia,146701,NA,NA,NA,NA,1,7
Sockeye,2015,Columbia,10443,NA,NA,NA,NA,1,7
Sockeye,2016,Columbia,55190,NA,NA,NA,NA,1,7
Sockeye,2017,Columbia,10040,NA,NA,NA,NA,1,7
Sockeye,2018,Columbia,31001,NA,NA,NA,NA,1,7
Sockeye,2019,Columbia,13108,NA,NA,NA,NA,1,7
Sockeye,2020,Columbia,48138,NA,NA,NA,NA,1,7
Sockeye,2021,Columbia,15499,NA,NA,NA,NA,1,7
Sockeye,2022,Columbia,113393,NA,NA,NA,NA,1,7
Chinook,1996,CC,34237,5,30323,5569482,5.591939988,2,5
Chinook,1997,CC,30296,5,47475,5111184,6.123800403,2,5
Chinook,1998,CC,38361,5,54801,5259209,5.568284151,2,5
Chinook,1999,CC,35339,5,37426,4568133,5.400416658,2,5
Chinook,2000,CC,43540,5,40283,5329830,6.090548464,2,5
Chinook,2001,CC,40566,5,34237,4285407,6.215470205,2,5
Chinook,2002,CC,33165,5,30296,4516110,5.793741131,2,5
Chinook,2003,CC,26327,5,38361,4169309,4.866282963,2,5
Chinook,2004,CC,32379,5,35339,2889574,5.610359267,2,5
Chinook,2005,CC,36222,5,43540,3893182,5.487532328,2,5
Chinook,2006,CC,43709,5,40566,3793643,5.689460673,2,5
Chinook,2007,CC,28042,5,33165,3960033,6.320263224,2,5
Chinook,2008,CC,25222,5,26327,3992256,6.295697976,2,5
Chinook,2009,CC,26692,5,32379,3483262,6.86878503,2,5
Chinook,2010,CC,24686,5,36222,3463441,5.663032033,2,5
Chinook,2011,CC,19707,5,43709,3646458,5.206310806,2,5
Chinook,2012,CC,12866,5,28042,4120517,4.724268708,2,5
Chinook,2013,CC,39368,5,25222,3746663,5.572014289,2,5
Chinook,2014,CC,30240,5,26692,3727250,5.235384795,2,5
Chinook,2015,CC,58520,5,24686,4504019,5.577702162,2,5
Chinook,2016,CC,37317,5,19707,4130415,4.800310422,2,5
Chinook,2017,CC,21422,5,12866,4395290,5.560729398,2,5
Chinook,2018,CC,429,5,39368,3020763,6.690331317,2,5
Chinook,2019,CC,686,5,30240,3976070,6.790738342,2,5
Chinook,2020,CC,1922,5,58520,3927066,7.296033557,2,5
Chinook,2021,CC,NA,5,37317,4017619,6.186898823,2,5
Chum,1996,CC,1095943,4,484739,13613605,6.123800403,4,5
Chum,1997,CC,873336,4,661760,11761715,5.568284151,4,5
Chum,1998,CC,2521130,4,1074643,14090901,5.400416658,4,5
Chum,1999,CC,908747,4,1455765,12486337,6.090548464,4,5
Chum,2000,CC,925112,4,1095943,13078961,6.215470205,4,5
Chum,2001,CC,1081719,4,873336,12078392,5.793741131,4,5
Chum,2002,CC,1887450,4,2521130,13029050,4.866282963,4,5
Chum,2003,CC,2251874,4,908747,13623782,5.610359267,4,5
Chum,2004,CC,1726495,4,925112,11703477,5.487532328,4,5
Chum,2005,CC,959740,4,1081719,11004989,5.689460673,4,5
Chum,2006,CC,1172301,4,1887450,12550535,6.320263224,4,5
Chum,2007,CC,631666,4,2251874,12902660,6.295697976,4,5
Chum,2008,CC,314139,4,1726495,12240462,6.86878503,4,5
Chum,2009,CC,551192,4,959740,12201801,5.663032033,4,5
Chum,2010,CC,333306,4,1172301,13356194,5.206310806,4,5
Chum,2011,CC,1244145,4,631666,12528502,4.724268708,4,5
Chum,2012,CC,976272,4,314139,11495341,5.572014289,4,5
Chum,2013,CC,841592,4,551192,10502567,5.235384795,4,5
Chum,2014,CC,554928,4,333306,10640988,5.577702162,4,5
Chum,2015,CC,1242070,4,1244145,6690156,4.800310422,4,5
Chum,2016,CC,930703,4,976272,10599009,5.560729398,4,5
Chum,2017,CC,644008,4,841592,7923502,6.690331317,4,5
Chum,2018,CC,671448,4,554928,9558406,6.790738342,4,5
Chum,2019,CC,647616,4,1242070,9656265,7.296033557,4,5
Chum,2020,CC,100732,4,930703,9021652,6.186898823,4,5
Chum,2021,CC,357161,4,644008,9511459,6.486794176,4,5
Coho,1996,CC,151696,3,217469,930974,5.568284151,3,5
Coho,1997,CC,154162,3,230194,840648,5.400416658,3,5
Coho,1998,CC,696674,3,128132,842501,6.090548464,3,5
Coho,1999,CC,212983,3,151696,876536,6.215470205,3,5
Coho,2000,CC,236890,3,154162,775237,5.793741131,3,5
Coho,2001,CC,515146,3,696674,714533,4.866282963,3,5
Coho,2002,CC,617733,3,212983,1190841,5.610359267,3,5
Coho,2003,CC,387418,3,236890,1090696,5.487532328,3,5
Coho,2004,CC,473811,3,515146,998670,5.689460673,3,5
Coho,2005,CC,652665,3,617733,892125,6.320263224,3,5
Coho,2006,CC,349725,3,387418,878797,6.295697976,3,5
Coho,2007,CC,298043,3,473811,567424,6.86878503,3,5
Coho,2008,CC,227889,3,652665,483690,5.663032033,3,5
Coho,2009,CC,1097245,3,349725,623245,5.206310806,3,5
Coho,2010,CC,441956,3,298043,538966,4.724268708,3,5
Coho,2011,CC,658098,3,227889,589820,5.572014289,3,5
Coho,2012,CC,446346,3,1097245,575214,5.235384795,3,5
Coho,2013,CC,454801,3,441956,1011607,5.577702162,3,5
Coho,2014,CC,460994,3,658098,353773,4.800310422,3,5
Coho,2015,CC,313022,3,446346,765308,5.560729398,3,5
Coho,2016,CC,369742,3,454801,587131,6.690331317,3,5
Coho,2017,CC,391304,3,460994,663626,6.790738342,3,5
Coho,2018,CC,186558,3,313022,404131,7.296033557,3,5
Coho,2019,CC,184871,3,369742,713862,6.186898823,3,5
Coho,2020,CC,242526,3,391304,615665,6.486794176,3,5
Coho,2021,CC,390430,3,186558,535655,7.241381418,3,5
Pink,1996,CC,6475287,2,1731383,NA,5.400416658,5,5
Pink,1997,CC,3464435,2,2568377,NA,6.090548464,5,5
Pink,1998,CC,3003891,2,6475287,NA,6.215470205,5,5
Pink,1999,CC,3433506,2,3464435,NA,5.793741131,5,5
Pink,2000,CC,6859373,2,3003891,NA,4.866282963,5,5
Pink,2001,CC,9926731,2,3433506,NA,5.610359267,5,5
Pink,2002,CC,7200158,2,6859373,NA,5.487532328,5,5
Pink,2003,CC,6992638,2,9926731,NA,5.689460673,5,5
Pink,2004,CC,3393657,2,7200158,NA,6.320263224,5,5
Pink,2005,CC,6142946,2,6992638,NA,6.295697976,5,5
Pink,2006,CC,1242498,2,3393657,NA,6.86878503,5,5
Pink,2007,CC,5195502,2,6142946,NA,5.663032033,5,5
Pink,2008,CC,1289089,2,1242498,NA,5.206310806,5,5
Pink,2009,CC,8766979,2,5195502,NA,4.724268708,5,5
Pink,2010,CC,1218596,2,1289089,NA,5.572014289,5,5
Pink,2011,CC,3479143,2,8766979,NA,5.235384795,5,5
Pink,2012,CC,4188292,2,1218596,NA,5.577702162,5,5
Pink,2013,CC,10179003,2,3479143,NA,4.800310422,5,5
Pink,2014,CC,5034481,2,4188292,NA,5.560729398,5,5
Pink,2015,CC,863964,2,10179003,NA,6.690331317,5,5
Pink,2016,CC,6175070,2,5034481,33497,6.790738342,5,5
Pink,2017,CC,7241692,2,863964,NA,7.296033557,5,5
Pink,2018,CC,836635,2,6175070,NA,6.186898823,5,5
Pink,2019,CC,978179,2,7241692,NA,6.486794176,5,5
Pink,2020,CC,12324298,2,836635,NA,7.241381418,5,5
Pink,2021,CC,2371318,2,978179,NA,6.640011302,5,5
Sockeye,1996,CC,375597,5,924746,NA,6.123800403,1,5
Sockeye,1997,CC,593761,5,1049672,NA,5.568284151,1,5
Sockeye,1998,CC,304889,5,762142,NA,5.400416658,1,5
Sockeye,1999,CC,143288,5,367737,NA,6.090548464,1,5
Sockeye,2000,CC,152461,5,415571,8100,6.215470205,1,5
Sockeye,2001,CC,212296,5,375597,24021,5.793741131,1,5
Sockeye,2002,CC,445416,5,593761,23950,4.866282963,1,5
Sockeye,2003,CC,512348,5,304889,25894,5.610359267,1,5
Sockeye,2004,CC,381327,5,143288,25145,5.487532328,1,5
Sockeye,2005,CC,419046,5,152461,13947,5.689460673,1,5
Sockeye,2006,CC,293207,5,212296,363260,6.320263224,1,5
Sockeye,2007,CC,259479,5,445416,755595,6.295697976,1,5
Sockeye,2008,CC,203258,5,512348,822127,6.86878503,1,5
Sockeye,2009,CC,209126,5,381327,402406,5.663032033,1,5
Sockeye,2010,CC,288764,5,419046,654779,5.206310806,1,5
Sockeye,2011,CC,961696,5,293207,705191,4.724268708,1,5
Sockeye,2012,CC,390815,5,259479,157718,5.572014289,1,5
Sockeye,2013,CC,555293,5,203258,36636,5.235384795,1,5
Sockeye,2014,CC,417887,5,209126,70462,5.577702162,1,5
Sockeye,2015,CC,378038,5,288764,97319,4.800310422,1,5
Sockeye,2016,CC,519039,5,961696,43772,5.560729398,1,5
Sockeye,2017,CC,190969,5,390815,14377,6.690331317,1,5
Sockeye,2018,CC,370449,5,555293,61983,6.790738342,1,5
Sockeye,2019,CC,94870,5,417887,150661,7.296033557,1,5
Sockeye,2020,CC,38230,5,378038,44700,6.186898823,1,5
Sockeye,2021,CC,77494,5,519039,67091,6.486794176,1,5